Workbook

Sheet Ingredients
A1: Ingredient | B1: Unit | C1: Purchase Qty | D1: Purchase Cost | E1: Cost Per Unit
A2: Coffee | B2: g | C2: 1000 | D2: 100 | E2: =IFERROR(D2/C2,0)
A3: Milk | B3: ml | C3: 1000 | D3: 100 | E3: =IFERROR(D3/C3,0)
A4: Water | B4: ml | C4: 1000 | D4: 100 | E4: =IFERROR(D4/C4,0)
A5: Sugar | B5: g | C5: 1000 | D5: 100 | E5: =IFERROR(D5/C5,0)
A6: Packaging | B6: pc | C6: 1000 | D6: 100 | E6: =IFERROR(D6/C6,0)
A7: Ice | B7: g | C7: 1000 | D7: 100 | E7: =IFERROR(D7/C7,0)
A8: Chocolate Syrup | B8: ml | C8: 1000 | D8: 100 | E8: =IFERROR(D8/C8,0)
A9: Caramel Syrup | B9: ml | C9: 1000 | D9: 100 | E9: =IFERROR(D9/C9,0)
A10: Vanilla Syrup | B10: ml | C10: 1000 | D10: 100 | E10: =IFERROR(D10/C10,0)
A11: Matcha | B11: g | C11: 1000 | D11: 100 | E11: =IFERROR(D11/C11,0)
A12: Honey | B12: ml | C12: 1000 | D12: 100 | E12: =IFERROR(D12/C12,0)
A13: Cinnamon | B13: g | C13: 1000 | D13: 100 | E13: =IFERROR(D13/C13,0)
... A34: Ice Cream | B34: scoop | C34: 1000 | D34: 100 | E34: =IFERROR(D34/C34,0)

Sheet Recipes
A1: Drink | B1: Ingredient | C1: Qty Used
A2: Espresso | B2: Coffee | C2: 9.5
A3: Espresso | B3: Water | C3: 30
A4: Espresso | B4: Packaging | C4: 1
A5: Doppio | B5: Coffee | C5: 18
A6: Doppio | B6: Water | C6: 60
A7: Doppio | B7: Packaging | C7: 1
A8: Ristretto | B8: Coffee | C8: 9.5
A9: Ristretto | B9: Water | C9: 15
A10: Ristretto | B10: Packaging | C10: 1
A11: Lungo | B11: Coffee | C11: 9.5
A12: Lungo | B12: Water | C12: 60
A13: Lungo | B13: Packaging | C13: 1
... A81: Virgin Mojito | B81: Ice | C81: 120

Sheet Drink Costing
A1: Drink | B1: Selling Price | C1: Total Cost | D1: Profit | E1: Food Cost %
A2: Affogato | B2: 200 | C2: =SUMPRODUCT((Recipes!$A$2:$A$500=A2)*(Recipes!$C$2:$C$500)*IFERROR(XLOOKUP(Recipes!$B$2:$B$500,Ingredients!$A$2:$A$200,Ingredients!$E$2:$E$200),0)) | D2: =B2-C2 | E2: =IFERROR(C2/B2,0)
A3: Americano | B3: 200 | C3: =SUMPRODUCT((Recipes!$A$2:$A$500=A3)*(Recipes!$C$2:$C$500)*IFERROR(XLOOKUP(Recipes!$B$2:$B$500,Ingredients!$A$2:$A$200,Ingredients!$E$2:$E$200),0)) | D3: =B3-C3 | E3: =IFERROR(C3/B3,0)
A4: Cafe Latte | B4: 200 | C4: =SUMPRODUCT((Recipes!$A$2:$A$500=A4)*(Recipes!$C$2:$C$500)*IFERROR(XLOOKUP(Recipes!$B$2:$B$500,Ingredients!$A$2:$A$200,Ingredients!$E$2:$E$200),0)) | D4: =B4-C4 | E4: =IFERROR(C4/B4,0)
A5: Cappuccino | B5: 200 | C5: =SUMPRODUCT((Recipes!$A$2:$A$500=A5)*(Recipes!$C$2:$C$500)*IFERROR(XLOOKUP(Recipes!$B$2:$B$500,Ingredients!$A$2:$A$200,Ingredients!$E$2:$E$200),0)) | D5: =B5-C5 | E5: =IFERROR(C5/B5,0)
A6: Caramel Macchiato | B6: 200 | C6: =SUMPRODUCT((Recipes!$A$2:$A$500=A6)*(Recipes!$C$2:$C$500)*IFERROR(XLOOKUP(Recipes!$B$2:$B$500,Ingredients!$A$2:$A$200,Ingredients!$E$2:$E$200),0)) | D6: =B6-C6 | E6: =IFERROR(C6/B6,0)
A7: Cortado | B7: 200 | C7: =SUMPRODUCT((Recipes!$A$2:$A$500=A7)*(Recipes!$C$2:$C$500)*IFERROR(XLOOKUP(Recipes!$B$2:$B$500,Ingredients!$A$2:$A$200,Ingredients!$E$2:$E$200),0)) | D7: =B7-C7 | E7: =IFERROR(C7/B7,0)
A8: Doppio | B8: 200 | C8: =SUMPRODUCT((Recipes!$A$2:$A$500=A8)*(Recipes!$C$2:$C$500)*IFERROR(XLOOKUP(Recipes!$B$2:$B$500,Ingredients!$A$2:$A$200,Ingredients!$E$2:$E$200),0)) | D8: =B8-C8 | E8: =IFERROR(C8/B8,0)
A9: Espresso | B9: 200 | C9: =SUMPRODUCT((Recipes!$A$2:$A$500=A9)*(Recipes!$C$2:$C$500)*IFERROR(XLOOKUP(Recipes!$B$2:$B$500,Ingredients!$A$2:$A$200,Ingredients!$E$2:$E$200),0)) | D9: =B9-C9 | E9: =IFERROR(C9/B9,0)
A10: Flat White | B10: 200 | C10: =SUMPRODUCT((Recipes!$A$2:$A$500=A10)*(Recipes!$C$2:$C$500)*IFERROR(XLOOKUP(Recipes!$B$2:$B$500,Ingredients!$A$2:$A$200,Ingredients!$E$2:$E$200),0)) | D10: =B10-C10 | E10: =IFERROR(C10/B10,0)
A11: Honey Cinnamon Matcha | B11: 200 | C11: =SUMPRODUCT((Recipes!$A$2:$A$500=A11)*(Recipes!$C$2:$C$500)*IFERROR(XLOOKUP(Recipes!$B$2:$B$500,Ingredients!$A$2:$A$200,Ingredients!$E$2:$E$200),0)) | D11: =B11-C11 | E11: =IFERROR(C11/B11,0)
A12: Hot Chocolate | B12: 200 | C12: =SUMPRODUCT((Recipes!$A$2:$A$500=A12)*(Recipes!$C$2:$C$500)*IFERROR(XLOOKUP(Recipes!$B$2:$B$500,Ingredients!$A$2:$A$200,Ingredients!$E$2:$E$200),0)) | D12: =B12-C12 | E12: =IFERROR(C12/B12,0)
A13: Iced Americano | B13: 200 | C13: =SUMPRODUCT((Recipes!$A$2:$A$500=A13)*(Recipes!$C$2:$C$500)*IFERROR(XLOOKUP(Recipes!$B$2:$B$500,Ingredients!$A$2:$A$200,Ingredients!$E$2:$E$200),0)) | D13: =B13-C13 | E13: =IFERROR(C13/B13,0)
... A23: Virgin Mojito | B23: 200 | C23: =SUMPRODUCT((Recipes!$A$2:$A$500=A23)*(Recipes!$C$2:$C$500)*IFERROR(XLOOKUP(Recipes!$B$2:$B$500,Ingredients!$A$2:$A$200,Ingredients!$E$2:$E$200),0)) | D23: =B23-C23 | E23: =IFERROR(C23/B23,0)
